<?xml version="1.0" encoding="UTF-8"?><idempiere Name="SetType" Version="1" idempiereVersion="" DataBaseVersion="" Description="" Author="" AuthorEmail="" CreatedDate="2019-05-11 09:54:36.622" UpdatedDate="2019-05-11 09:54:52.857" PackOutVersion="100" UpdateDictionary="false" Client="0-SYSTEM-System" AD_Client_UU="11237b53-9592-4af1-b3c5-afd216514b5d">
    <AD_Process_Para type="table">
        <AD_Client_ID>0</AD_Client_ID>
        <AD_Org_ID>0</AD_Org_ID>
        <IsActive>Y</IsActive>
        <Name>Product Value</Name>
        <Description>Either Name, SKU or UPC of Product in Like style</Description>
        <Help>Like script allows to define Name of Product partially at the end i.e 'Material' will be as 'Material%' in the code.</Help>
        <AD_Process_ID reference="uuid" reference-key="AD_Process">3c8324ab-4dff-49e7-987e-3b3279e5ef6a</AD_Process_ID>
        <SeqNo>8</SeqNo>
        <AD_Reference_ID reference="id">10</AD_Reference_ID>
        <AD_Reference_Value_ID reference="id"/>
        <IsRange>N</IsRange>
        <AD_Val_Rule_ID reference="id"/>
        <FieldLength>0</FieldLength>
        <IsMandatory>N</IsMandatory>
        <DefaultValue/>
        <VFormat/>
        <ValueMin/>
        <ValueMax/>
        <ColumnName>ProductValue</ColumnName>
        <DefaultValue2/>
        <IsCentrallyMaintained>N</IsCentrallyMaintained>
        <EntityType>U</EntityType>
        <AD_Element_ID reference="id">1675</AD_Element_ID>
        <ReadOnlyLogic/>
        <DisplayLogic/>
        <AD_Process_Para_UU>dcca65c5-4f01-40ff-9e68-445784aa5f49</AD_Process_Para_UU>
        <IsEncrypted>N</IsEncrypted>
        <MandatoryLogic/>
        <Placeholder/>
        <Placeholder2/>
    </AD_Process_Para>
    <AD_Process_Para type="table">
        <AD_Client_ID>0</AD_Client_ID>
        <AD_Org_ID>0</AD_Org_ID>
        <IsActive>Y</IsActive>
        <Name>Product Category</Name>
        <Description>Category of a Product</Description>
        <Help>Identifies the category which this product belongs to.  Product categories are used for pricing and selection.</Help>
        <AD_Process_ID reference="uuid" reference-key="AD_Process">3c8324ab-4dff-49e7-987e-3b3279e5ef6a</AD_Process_ID>
        <SeqNo>6</SeqNo>
        <AD_Reference_ID reference="id">19</AD_Reference_ID>
        <AD_Reference_Value_ID reference="id"/>
        <IsRange>N</IsRange>
        <AD_Val_Rule_ID reference="id"/>
        <FieldLength>0</FieldLength>
        <IsMandatory>N</IsMandatory>
        <DefaultValue/>
        <VFormat/>
        <ValueMin/>
        <ValueMax/>
        <ColumnName>M_Product_Category_ID</ColumnName>
        <DefaultValue2/>
        <IsCentrallyMaintained>Y</IsCentrallyMaintained>
        <EntityType>U</EntityType>
        <AD_Element_ID reference="id">453</AD_Element_ID>
        <ReadOnlyLogic/>
        <DisplayLogic/>
        <AD_Process_Para_UU>2f13c50f-d974-46f8-b491-230d21172feb</AD_Process_Para_UU>
        <IsEncrypted>N</IsEncrypted>
        <MandatoryLogic/>
        <Placeholder/>
        <Placeholder2/>
    </AD_Process_Para>
    <AD_Process_Para type="table">
        <AD_Client_ID>0</AD_Client_ID>
        <AD_Org_ID>0</AD_Org_ID>
        <IsActive>Y</IsActive>
        <Name>Type</Name>
        <Description/>
        <Help/>
        <AD_Process_ID reference="uuid" reference-key="AD_Process">3c8324ab-4dff-49e7-987e-3b3279e5ef6a</AD_Process_ID>
        <SeqNo>4</SeqNo>
        <AD_Reference_ID reference="id">19</AD_Reference_ID>
        <AD_Reference_Value_ID reference="id"/>
        <IsRange>N</IsRange>
        <AD_Val_Rule_ID reference="id"/>
        <FieldLength>0</FieldLength>
        <IsMandatory>N</IsMandatory>
        <DefaultValue/>
        <VFormat/>
        <ValueMin/>
        <ValueMax/>
        <ColumnName>WM_Type_ID</ColumnName>
        <DefaultValue2/>
        <IsCentrallyMaintained>Y</IsCentrallyMaintained>
        <EntityType>U</EntityType>
        <AD_Element_ID reference="uuid" reference-key="AD_Element">d2446695-b032-468e-b29d-fa61053a87d3</AD_Element_ID>
        <ReadOnlyLogic/>
        <DisplayLogic/>
        <AD_Process_Para_UU>36a505eb-aa21-4e2e-b27d-6fecd5bcadb8</AD_Process_Para_UU>
        <IsEncrypted>N</IsEncrypted>
        <MandatoryLogic/>
        <Placeholder/>
        <Placeholder2/>
    </AD_Process_Para>
</idempiere>
