<?xml version="1.0" encoding="UTF-8"?><idempiere Name="SI" Version="1" idempiereVersion="" DataBaseVersion="" Description="" Author="" AuthorEmail="" CreatedDate="2019-09-28 15:00:03.168" UpdatedDate="2019-09-28 15:00:09.748" PackOutVersion="100" UpdateDictionary="false" Client="0-SYSTEM-System" AD_Client_UU="11237b53-9592-4af1-b3c5-afd216514b5d">
    <AD_InfoWindow type="table">
        <AD_Client_ID>0</AD_Client_ID>
        <AD_Org_ID>0</AD_Org_ID>
        <IsActive>Y</IsActive>
        <Name>Storage Movement View</Name>
        <Description>Further display storage lines under each Locator </Description>
        <Help>EmptyStorageLines is a sub table of Empty Storage. It records present occupants of materials in each Locator.</Help>
        <AD_Table_ID reference="uuid" reference-key="AD_Table">e40ce150-7909-4093-b11a-b39a2da01018</AD_Table_ID>
        <EntityType>A</EntityType>
        <FromClause>WM_EmptyStorageLine a 
INNER JOIN WM_EmptyStorage s ON (s.WM_EmptyStorage_ID=a.WM_EmptyStorage_ID)
INNER JOIN M_Locator m ON (m.M_Locator_ID=s.M_Locator_ID) 
INNER JOIN M_Product p ON (p.M_Product_ID=a.M_Product_ID) 
LEFT JOIN WM_InOutLine c ON (c.WM_InOutLine_ID=a.WM_InOutLine_ID) 
LEFT JOIN WM_InOut o ON (o.WM_InOut_ID=c.WM_InOut_ID) 
LEFT JOIN WM_DeliveryScheduleLine d ON (d.WM_InOutLine_ID=c.WM_InOutLine_ID) 
LEFT JOIN C_OrderLine e ON (e.C_OrderLine_ID=d.C_OrderLine_ID) </FromClause>
        <OtherClause/>
        <Processing>N</Processing>
        <AD_InfoWindow_UU>84161a64-1ecf-4e95-9e8c-2c4baacf35fa</AD_InfoWindow_UU>
        <WhereClause/>
        <IsDefault>N</IsDefault>
        <IsDistinct>N</IsDistinct>
        <OrderByClause/>
        <IsValid>Y</IsValid>
        <AD_CtxHelp_ID reference="id"/>
        <ImageURL/>
        <SeqNo>86</SeqNo>
        <IsShowInDashboard>Y</IsShowInDashboard>
        <MaxQueryRecords>0</MaxQueryRecords>
        <isLoadPageNum>Y</isLoadPageNum>
        <AD_InfoProcess type="table">
            <AD_Client_ID>0</AD_Client_ID>
            <AD_Org_ID>0</AD_Org_ID>
            <AD_InfoProcess_UU>b4235000-37b5-48ab-8db4-4b2003fda2cd</AD_InfoProcess_UU>
            <IsActive>Y</IsActive>
            <ImageURL/>
            <SeqNo>2</SeqNo>
            <AD_Process_ID reference="uuid" reference-key="AD_Process">fa8563e9-e6ba-4473-8746-202585416f65</AD_Process_ID>
            <AD_InfoWindow_ID reference="uuid" reference-key="AD_InfoWindow">84161a64-1ecf-4e95-9e8c-2c4baacf35fa</AD_InfoWindow_ID>
            <LayoutType>B</LayoutType>
            <DisplayLogic/>
            <AD_InfoColumn_ID reference="id"/>
        </AD_InfoProcess>
        <AD_InfoProcess type="table">
            <AD_Client_ID>0</AD_Client_ID>
            <AD_Org_ID>0</AD_Org_ID>
            <AD_InfoProcess_UU>caa60275-981c-4358-837a-07689f026eb4</AD_InfoProcess_UU>
            <IsActive>Y</IsActive>
            <ImageURL/>
            <SeqNo>4</SeqNo>
            <AD_Process_ID reference="uuid" reference-key="AD_Process">33de53fe-a953-4560-8e38-471b50d9d0a5</AD_Process_ID>
            <AD_InfoWindow_ID reference="uuid" reference-key="AD_InfoWindow">84161a64-1ecf-4e95-9e8c-2c4baacf35fa</AD_InfoWindow_ID>
            <LayoutType>B</LayoutType>
            <DisplayLogic/>
            <AD_InfoColumn_ID reference="id"/>
        </AD_InfoProcess>
        <AD_InfoProcess type="table">
            <AD_Client_ID>0</AD_Client_ID>
            <AD_Org_ID>0</AD_Org_ID>
            <AD_InfoProcess_UU>6c49497b-99b6-4e19-a695-932bc2161228</AD_InfoProcess_UU>
            <IsActive>Y</IsActive>
            <ImageURL/>
            <SeqNo>3</SeqNo>
            <AD_Process_ID reference="uuid" reference-key="AD_Process">541d8940-df42-49c0-a39b-2a84f55dfe5e</AD_Process_ID>
            <AD_InfoWindow_ID reference="uuid" reference-key="AD_InfoWindow">84161a64-1ecf-4e95-9e8c-2c4baacf35fa</AD_InfoWindow_ID>
            <LayoutType>B</LayoutType>
            <DisplayLogic/>
            <AD_InfoColumn_ID reference="id"/>
        </AD_InfoProcess>
        <AD_Process type="table">
            <AD_Client_ID>0</AD_Client_ID>
            <AD_Org_ID>0</AD_Org_ID>
            <IsActive>Y</IsActive>
            <Name>Check Up</Name>
            <Description/>
            <Help/>
            <ProcedureName/>
            <IsReport>N</IsReport>
            <Value>CheckUp</Value>
            <IsDirectPrint>N</IsDirectPrint>
            <AD_ReportView_ID reference="id"/>
            <Classname>org.my.process.CheckUp</Classname>
            <AccessLevel>7</AccessLevel>
            <EntityType>U</EntityType>
            <Statistic_Count/>
            <Statistic_Seconds/>
            <AD_PrintFormat_ID reference="id"/>
            <WorkflowValue/>
            <AD_Workflow_ID reference="id"/>
            <IsBetaFunctionality>N</IsBetaFunctionality>
            <IsServerProcess>N</IsServerProcess>
            <ShowHelp>Y</ShowHelp>
            <JasperReport/>
            <AD_Form_ID reference="id"/>
            <CopyFromProcess/>
            <AD_Process_UU>3425d12f-88a8-4b37-9e24-23ee045a1b13</AD_Process_UU>
            <AD_CtxHelp_ID reference="id"/>
            <ExecutionType/>
            <AllowMultipleExecution>P</AllowMultipleExecution>
            <AD_Process_Para type="table">
                <AD_Client_ID>0</AD_Client_ID>
                <AD_Org_ID>0</AD_Org_ID>
                <IsActive>Y</IsActive>
                <Name>Active</Name>
                <Description>The record is active in the system</Description>
                <Help>There are two methods of making records unavailable in the system: One is to delete the record, the other is to de-activate the record. A de-activated record is not available for selection, but available for reports.
There are two reasons for de-activating and not deleting records:
(1) The system requires the record for audit purposes.
(2) The record is referenced by other records. E.g., you cannot delete a Business Partner, if there are invoices for this partner record existing. You de-activate the Business Partner and prevent that this record is used for future entries.</Help>
                <AD_Process_ID reference="uuid" reference-key="AD_Process">3425d12f-88a8-4b37-9e24-23ee045a1b13</AD_Process_ID>
                <SeqNo>10</SeqNo>
                <AD_Reference_ID reference="id">20</AD_Reference_ID>
                <AD_Reference_Value_ID reference="id"/>
                <IsRange>N</IsRange>
                <AD_Val_Rule_ID reference="id"/>
                <FieldLength>0</FieldLength>
                <IsMandatory>N</IsMandatory>
                <DefaultValue/>
                <VFormat/>
                <ValueMin/>
                <ValueMax/>
                <ColumnName>IsActive</ColumnName>
                <DefaultValue2/>
                <IsCentrallyMaintained>Y</IsCentrallyMaintained>
                <EntityType>U</EntityType>
                <AD_Element_ID reference="id">348</AD_Element_ID>
                <ReadOnlyLogic/>
                <DisplayLogic/>
                <AD_Process_Para_UU>889761d1-2146-4d52-9ad1-0b3063bdc57b</AD_Process_Para_UU>
                <IsEncrypted>N</IsEncrypted>
                <MandatoryLogic/>
                <Placeholder/>
                <Placeholder2/>
            </AD_Process_Para>
        </AD_Process>
        <AD_InfoProcess type="table">
            <AD_Client_ID>0</AD_Client_ID>
            <AD_Org_ID>0</AD_Org_ID>
            <AD_InfoProcess_UU>645f5a73-c287-43bd-a164-aa9e14d2e883</AD_InfoProcess_UU>
            <IsActive>Y</IsActive>
            <ImageURL/>
            <SeqNo>0</SeqNo>
            <AD_Process_ID reference="uuid" reference-key="AD_Process">3425d12f-88a8-4b37-9e24-23ee045a1b13</AD_Process_ID>
            <AD_InfoWindow_ID reference="uuid" reference-key="AD_InfoWindow">84161a64-1ecf-4e95-9e8c-2c4baacf35fa</AD_InfoWindow_ID>
            <LayoutType>B</LayoutType>
            <DisplayLogic/>
            <AD_InfoColumn_ID reference="id"/>
        </AD_InfoProcess>
    </AD_InfoWindow>
</idempiere>
