<?xml version="1.0" encoding="UTF-8"?><idempiere Name="InfoWindowPutaway" Version="1" idempiereVersion="" DataBaseVersion="" Description="" Author="" AuthorEmail="" CreatedDate="2019-05-04 17:39:48.113" UpdatedDate="2019-05-04 17:39:48.113" PackOutVersion="100" UpdateDictionary="false" Client="0-SYSTEM-System" AD_Client_UU="11237b53-9592-4af1-b3c5-afd216514b5d">
    <AD_TableIndex type="table">
        <AD_Client_ID>0</AD_Client_ID>
        <AD_Org_ID>0</AD_Org_ID>
        <AD_TableIndex_UU>b225a600-c129-41f1-b703-70f6713476df</AD_TableIndex_UU>
        <Description/>
        <EntityType>U</EntityType>
        <IsActive>Y</IsActive>
        <Name>wm_deliveryscheduleline_uu_idx</Name>
        <AD_Table_ID reference="uuid" reference-key="AD_Table">f9a72dcd-ef5e-447a-a0dc-7d74aaadd2ce</AD_Table_ID>
        <Help/>
        <IsCreateConstraint>N</IsCreateConstraint>
        <IsUnique>Y</IsUnique>
        <Processing>N</Processing>
        <AD_Message_ID reference="id"/>
        <TableIndexDrop/>
        <IsKey>N</IsKey>
        <AD_IndexColumn type="table">
            <AD_Client_ID>0</AD_Client_ID>
            <AD_Org_ID>0</AD_Org_ID>
            <AD_IndexColumn_UU>69c0883d-cc53-4b4d-88a2-5e559e2bb18b</AD_IndexColumn_UU>
            <EntityType>U</EntityType>
            <IsActive>Y</IsActive>
            <AD_Column_ID reference="uuid" reference-key="AD_Column">22fc990a-5cee-4bd5-a58e-52c7e9279535</AD_Column_ID>
            <AD_TableIndex_ID reference="uuid" reference-key="AD_TableIndex">b225a600-c129-41f1-b703-70f6713476df</AD_TableIndex_ID>
            <ColumnSQL/>
            <SeqNo>1</SeqNo>
        </AD_IndexColumn>
    </AD_TableIndex>
    <AD_InfoColumn type="table">
        <AD_Client_ID>0</AD_Client_ID>
        <AD_Org_ID>0</AD_Org_ID>
        <IsActive>Y</IsActive>
        <Name>Product</Name>
        <Description>Product, Service, Item</Description>
        <Help>Identifies an item which is either purchased or sold in this organization.</Help>
        <AD_InfoWindow_ID reference="uuid" reference-key="AD_InfoWindow">3fd517c6-6ff9-4a4c-baed-17cc3a1f5c04</AD_InfoWindow_ID>
        <EntityType>U</EntityType>
        <SelectClause>a.M_Product_ID</SelectClause>
        <SeqNo>6</SeqNo>
        <IsDisplayed>Y</IsDisplayed>
        <IsQueryCriteria>N</IsQueryCriteria>
        <AD_Element_ID reference="id">454</AD_Element_ID>
        <AD_Reference_ID reference="id">19</AD_Reference_ID>
        <AD_InfoColumn_UU>1ddf5917-6df0-480f-bff2-b3a224b14a30</AD_InfoColumn_UU>
        <AD_Reference_Value_ID reference="id"/>
        <AD_Val_Rule_ID reference="id">231</AD_Val_Rule_ID>
        <IsCentrallyMaintained>Y</IsCentrallyMaintained>
        <DisplayLogic/>
        <ColumnName>M_Product_ID</ColumnName>
        <QueryOperator>=</QueryOperator>
        <QueryFunction/>
        <IsIdentifier>N</IsIdentifier>
        <SeqNoSelection>4</SeqNoSelection>
        <DefaultValue/>
        <IsMandatory>N</IsMandatory>
        <IsKey>N</IsKey>
        <IsReadOnly>Y</IsReadOnly>
        <Placeholder/>
        <InputFieldValidation/>
    </AD_InfoColumn>
    <AD_InfoColumn type="table">
        <AD_Client_ID>0</AD_Client_ID>
        <AD_Org_ID>0</AD_Org_ID>
        <IsActive>Y</IsActive>
        <Name>UPC/EAN</Name>
        <Description>Bar Code (Universal Product Code or its superset European Article Number)</Description>
        <Help>Use this field to enter the bar code for the product in any of the bar code symbologies (Codabar, Code 25, Code 39, Code 93, Code 128, UPC (A), UPC (E), EAN-13, EAN-8, ITF, ITF-14, ISBN, ISSN, JAN-13, JAN-8, POSTNET and FIM, MSI/Plessey, and Pharmacode) </Help>
        <AD_InfoWindow_ID reference="uuid" reference-key="AD_InfoWindow">3fd517c6-6ff9-4a4c-baed-17cc3a1f5c04</AD_InfoWindow_ID>
        <EntityType>U</EntityType>
        <SelectClause>e.UPC</SelectClause>
        <SeqNo>77</SeqNo>
        <IsDisplayed>Y</IsDisplayed>
        <IsQueryCriteria>Y</IsQueryCriteria>
        <AD_Element_ID reference="id">603</AD_Element_ID>
        <AD_Reference_ID reference="id">10</AD_Reference_ID>
        <AD_InfoColumn_UU>7840dda9-7307-43bb-bb8c-de1f46e2a897</AD_InfoColumn_UU>
        <AD_Reference_Value_ID reference="id"/>
        <AD_Val_Rule_ID reference="id"/>
        <IsCentrallyMaintained>Y</IsCentrallyMaintained>
        <DisplayLogic/>
        <ColumnName>UPC</ColumnName>
        <QueryOperator>LIKE</QueryOperator>
        <QueryFunction/>
        <IsIdentifier>N</IsIdentifier>
        <SeqNoSelection>50</SeqNoSelection>
        <DefaultValue/>
        <IsMandatory>N</IsMandatory>
        <IsKey>N</IsKey>
        <IsReadOnly>Y</IsReadOnly>
        <Placeholder/>
        <InputFieldValidation/>
    </AD_InfoColumn>
</idempiere>
