<?xml version="1.0" encoding="UTF-8"?><idempiere Name="WMSP" Version="1" idempiereVersion="" DataBaseVersion="" Description="" Author="" AuthorEmail="" CreatedDate="2019-09-24 10:52:12.16" UpdatedDate="2019-09-24 10:52:12.16" PackOutVersion="100" UpdateDictionary="true" Client="0-SYSTEM-System" AD_Client_UU="11237b53-9592-4af1-b3c5-afd216514b5d">
    <AD_Process_Para type="table">
        <AD_Client_ID>0</AD_Client_ID>
        <AD_Org_ID>0</AD_Org_ID>
        <IsActive>Y</IsActive>
        <Name>Locator</Name>
        <Description>Warehouse Locator</Description>
        <Help>The Locator indicates where in a Warehouse a product is located.</Help>
        <AD_Process_ID reference="uuid" reference-key="AD_Process">97804e52-e736-4c70-ae0d-98db1df7e228</AD_Process_ID>
        <SeqNo>11</SeqNo>
        <AD_Reference_ID reference="id">31</AD_Reference_ID>
        <AD_Reference_Value_ID reference="id"/>
        <IsRange>N</IsRange>
        <AD_Val_Rule_ID reference="id"/>
        <FieldLength>0</FieldLength>
        <IsMandatory>N</IsMandatory>
        <DefaultValue/>
        <VFormat/>
        <ValueMin/>
        <ValueMax/>
        <ColumnName>M_Locator_ID</ColumnName>
        <DefaultValue2/>
        <IsCentrallyMaintained>Y</IsCentrallyMaintained>
        <EntityType>U</EntityType>
        <AD_Element_ID reference="id">448</AD_Element_ID>
        <ReadOnlyLogic/>
        <DisplayLogic/>
        <AD_Process_Para_UU>5976f6d2-abf3-4a6d-a342-3b42dc881fe3</AD_Process_Para_UU>
        <IsEncrypted>N</IsEncrypted>
        <MandatoryLogic/>
        <Placeholder/>
        <Placeholder2/>
    </AD_Process_Para>
</idempiere>
